{"cameraMode":{"drawMode":0,"name":"Shaded","section":"Shading Mode"},"sceneLighting":true,"audioPlay":false,"sceneViewState":{"showFog":true,"showMaterialUpdate":false,"showSkybox":true,"showFlares":true,"showImageEffects":true,"showParticleSystems":true},"in2DMode":false,"pivot":{"x":1.9257659912109376,"y":-0.6727657318115234,"z":-18.61025619506836},"rotation":{"x":0.00701375724747777,"y":0.9234957695007324,"z":-0.3831852376461029,"w":0.016902796924114229},"size":43.79881286621094,"orthographic":false}