{"cameraMode":{"drawMode":0,"name":"Shaded","section":"Shading Mode"},"sceneLighting":true,"audioPlay":false,"sceneViewState":{"showFog":true,"showMaterialUpdate":false,"showSkybox":true,"showFlares":true,"showImageEffects":true,"showParticleSystems":true},"in2DMode":false,"pivot":{"x":-11.762763023376465,"y":-7.836671829223633,"z":-22.323440551757814},"rotation":{"x":-0.14012214541435243,"y":0.8573342561721802,"z":-0.3127670884132385,"w":-0.38409584760665896},"size":37.95527648925781,"orthographic":false}