{"cameraMode":{"drawMode":0,"name":"Shaded","section":"Shading Mode"},"sceneLighting":true,"audioPlay":false,"sceneViewState":{"showFog":true,"showMaterialUpdate":false,"showSkybox":true,"showFlares":true,"showImageEffects":true,"showParticleSystems":true},"in2DMode":false,"pivot":{"x":0.11580193787813187,"y":-2.6755456924438478,"z":-9.245403289794922},"rotation":{"x":-0.0010055594611912966,"y":0.927619457244873,"z":-0.3735288083553314,"w":-0.002505488693714142},"size":19.428680419921876,"orthographic":false}